code postal;population;année
0;4105087;2016
1000;44346;2016
1110;33728;2016
1130;133496;2016
1140;5986;2016
1150;275341;2016
1170;146943;2016
1200;366704;2016
1220;41570;2016
1230;147400;2016
1240;22980;2016
1250;203790;2016
1260;161268;2016
1270;169811;2016
1300;10497;2016
1320;20222;2016
1340;10577;2016
1350;37387;2016
1360;145272;2016
1370;58985;2016
1390;55785;2016
1400;112484;2016
1420;71531;2016
1440;19783;2016
1450;64359;2016
1460;124151;2016
1470;268506;2016
1480;210411;2016
1500;141191;2016
1510;1956411;2016
1550;32666;2016
1560;174224;2016
1570;231970;2016
1580;38507;2016
1600;165123;2016
1680;82570;2016
1700;232619;2016
1800;244286;2016
2000;60446;2016
2100;58088;2016
2110;98216;2016
2120;171931;2016
2130;131880;2016
2140;137981;2016
2150;44699;2016
2160;39853;2016
2190;154195;2016
2200;51144;2016
2210;111694;2016
2220;230081;2016
2240;271664;2016
2250;63555;2016
2260;43321;2016
2270;15872;2016
2290;303410;2016
2300;624085;2016
2310;19660;2016
2320;497744;2016
2330;147519;2016
2340;4408;2016
2350;132885;2016
2360;317342;2016
2370;27606;2016
2380;34488;2016
2390;16390;2016
2400;280013;2016
2410;67206;2016
2420;184208;2016
2440;113039;2016
2450;25720;2016
2460;11314;2016
2470;70595;2016
2480;122766;2016
2490;32338;2016
2500;21568;2016
2510;1947;2016
2520;14513;2016
2540;667;2016
2570;41702;2016
2580;48701;2016
2590;58859;2016
2600;54123;2016
2650;20461;2016
2670;14627;2016
2680;71291;2016
2700;257518;2016
2760;53955;2016
2800;14328;2016
2810;140896;2016
2820;48425;2016
2830;617827;2016
2840;200307;2016
2850;9395;2016
2860;111842;2016
2870;8709;2016
2880;429725;2016
3000;14715;2016
3100;28837;2016
3110;717644;2016
3120;779211;2016
3130;112903;2016
3140;1464895;2016
3150;258889;2016
3160;134461;2016
3170;225451;2016
3190;20810;2016
3200;25220;2016
3210;497148;2016
3220;596551;2016
3230;150376;2016
3240;51316;2016
3250;54389;2016
3260;416388;2016
3290;23726;2016
3300;181916;2016
3310;34385;2016
3320;41958;2016
3330;345629;2016
3340;996889;2016
3350;52723;2016
3360;48391;2016
3370;95752;2016
3380;119832;2016
3390;91470;2016
3400;181363;2016
3410;178268;2016
3420;48897;2016
3430;7678;2016
3450;33046;2016
3470;84232;2016
3500;375695;2016
3600;20170;2016
3800;27893;2016
4000;63162;2016
4100;79332;2016
4110;11689;2016
4120;608549;2016
4130;2002359;2016
4140;69524;2016
4200;474413;2016
4230;44066;2016
4240;195463;2016
4250;11746;2016
4270;125851;2016
4280;69455;2016
4300;563615;2016
4320;116984;2016
4330;47385;2016
4340;369162;2016
4380;190597;2016
4400;71869;2016
4410;130014;2016
4420;415367;2016
4500;14743;2016
4510;706251;2016
4600;429038;2016
4660;53675;2016
4700;364065;2016
5100;2864153;2016
5130;3042;2016
5150;135978;2016
5190;131223;2016
5200;30844;2016
5260;298176;2016
5300;138112;2016
5320;97076;2016
5400;193598;2016
5500;2463900;2016
5700;527925;2016
5800;156168;2016
6130;60715;2016
6160;79855;2016
6210;41806;2016
6260;74511;2016
6320;41476;2016
6390;112043;2016
6420;209133;2016
6430;2583084;2016
6440;42535;2016
6450;204267;2016
6460;141828;2016
6470;45815;2016
6500;600649;2016
6530;416628;2016
6580;26336;2016
6590;47149;2016
6620;69148;2016
6650;10115;2016
6690;80540;2016
6710;21060;2016
6750;12325;2016
6800;208704;2016
6830;56141;2016
6910;243399;2016
7000;154888;2016
7110;35989;2016
7120;106600;2016
7130;8819;2016
7140;28658;2016
7150;201561;2016
7160;180674;2016
7170;38393;2016
7190;45559;2016
7200;678255;2016
7210;17254;2016
7220;40301;2016
7230;128597;2016
7240;40281;2016
7260;88388;2016
7270;290448;2016
7290;97814;2016
7300;55108;2016
7320;297487;2016
7340;125701;2016
7360;165994;2016
7370;217618;2016
7380;201400;2016
7400;341393;2016
7410;5799;2016
7430;17038;2016
7450;13309;2016
7460;137772;2016
7470;28781;2016
7510;43395;2016
7530;358246;2016
7590;3224;2016
7600;399115;2016
7610;3097870;2016
7660;78024;2016
7700;352781;2016
7800;50415;2016
8000;133380;2016
8090;110461;2016
8110;62062;2016
8130;157195;2016
8140;9952;2016
8150;409602;2016
8160;10240;2016
8170;28093;2016
8190;147788;2016
8200;882690;2016
8220;221694;2016
8230;15316;2016
8240;96198;2016
8250;232555;2016
8260;164245;2016
8270;247940;2016
8290;15452;2016
8300;613785;2016
8310;206502;2016
8330;4847;2016
8350;30349;2016
8370;348901;2016
8380;149994;2016
8390;1246;2016
8400;419250;2016
8430;83048;2016
8440;39745;2016
8450;45568;2016
8460;82558;2016
8500;17641;2016
8600;51230;2016
8800;60354;2016
9000;502400;2016
9100;352799;2016
9110;276674;2016
9120;251037;2016
9130;611203;2016
9140;675588;2016
9160;59487;2016
9190;18471;2016
9200;536286;2016
9220;299191;2016
9230;151915;2016
9240;155149;2016
9250;162815;2016
9290;93001;2016
9300;1801296;2016
9310;185497;2016
9320;111499;2016
9350;27548;2016
9400;735079;2016
9460;169756;2016
9500;103004;2016
9600;126397;2016
9800;119079;2016
0;4112148;2017
1000;44513;2017
1110;33736;2017
1130;133394;2017
1140;6014;2017
1150;275649;2017
1170;148032;2017
1200;367680;2017
1220;41692;2017
1230;148234;2017
1240;23081;2017
1250;204350;2017
1260;161373;2017
1270;169673;2017
1300;10599;2017
1320;20381;2017
1340;10562;2017
1350;37374;2017
1360;145172;2017
1370;59529;2017
1390;55963;2017
1400;113131;2017
1420;71630;2017
1440;19909;2017
1450;64493;2017
1460;125170;2017
1470;269525;2017
1480;210902;2017
1500;140838;2017
1510;1966661;2017
1550;33164;2017
1560;175200;2017
1570;234805;2017
1580;38957;2017
1600;165023;2017
1680;83533;2017
1700;233295;2017
1800;246203;2017
2000;61172;2017
2100;58228;2017
2110;98342;2017
2120;171433;2017
2130;131039;2017
2140;138677;2017
2150;44770;2017
2160;39801;2017
2190;153675;2017
2200;50830;2017
2210;111690;2017
2220;230098;2017
2240;272367;2017
2250;63497;2017
2260;43259;2017
2270;15983;2017
2290;304720;2017
2300;624609;2017
2310;19685;2017
2320;500252;2017
2330;147594;2017
2340;4367;2017
2350;131840;2017
2360;317383;2017
2370;27576;2017
2380;34118;2017
2390;16316;2017
2400;280363;2017
2410;66639;2017
2420;183870;2017
2440;113079;2017
2450;25852;2017
2460;11250;2017
2470;70536;2017
2480;121891;2017
2490;32287;2017
2500;21443;2017
2510;1929;2017
2520;14306;2017
2540;708;2017
2570;41572;2017
2580;48543;2017
2590;58841;2017
2600;54153;2017
2650;20440;2017
2670;14425;2017
2680;71378;2017
2700;259186;2017
2760;53857;2017
2800;14328;2017
2810;140519;2017
2820;48710;2017
2830;619081;2017
2840;200900;2017
2850;9478;2017
2860;111271;2017
2870;8599;2017
2880;428714;2017
3000;14781;2017
3100;29092;2017
3110;722294;2017
3120;783840;2017
3130;112614;2017
3140;1474885;2017
3150;261830;2017
3160;134430;2017
3170;226728;2017
3190;20846;2017
3200;25004;2017
3210;501936;2017
3220;600014;2017
3230;152166;2017
3240;51898;2017
3250;54390;2017
3260;418118;2017
3290;24014;2017
3300;181616;2017
3310;34505;2017
3320;42368;2017
3330;346035;2017
3340;1000011;2017
3350;52852;2017
3360;48347;2017
3370;98179;2017
3380;119777;2017
3390;91631;2017
3400;180790;2017
3410;178713;2017
3420;49143;2017
3430;7647;2017
3450;33310;2017
3470;84551;2017
3500;378659;2017
3600;20185;2017
3800;28111;2017
4000;63679;2017
4100;80595;2017
4110;11723;2017
4120;614295;2017
4130;2006656;2017
4140;70258;2017
4200;477119;2017
4230;43972;2017
4240;195903;2017
4250;11664;2017
4270;126882;2017
4280;69835;2017
4300;568007;2017
4320;118016;2017
4330;48153;2017
4340;370977;2017
4380;191881;2017
4400;72074;2017
4410;130644;2017
4420;419057;2017
4500;14995;2017
4510;711086;2017
4600;433153;2017
4660;53887;2017
4700;365265;2017
5100;2880673;2017
5130;3084;2017
5150;137479;2017
5190;132586;2017
5200;30869;2017
5260;298051;2017
5300;138654;2017
5320;97787;2017
5400;193775;2017
5500;2461917;2017
5700;528063;2017
5800;156426;2017
6130;60459;2017
6160;79085;2017
6210;42068;2017
6260;74376;2017
6320;42077;2017
6390;112083;2017
6420;209753;2017
6430;2586896;2017
6440;42688;2017
6450;204130;2017
6460;142049;2017
6470;45361;2017
6500;600307;2017
6530;417277;2017
6580;26446;2017
6590;47349;2017
6620;68865;2017
6650;10164;2017
6690;80715;2017
6710;21215;2017
6750;12278;2017
6800;209709;2017
6830;55936;2017
6910;241722;2017
7000;155322;2017
7110;35905;2017
7120;105378;2017
7130;8904;2017
7140;28705;2017
7150;200821;2017
7160;181795;2017
7170;38412;2017
7190;45540;2017
7200;677413;2017
7210;17335;2017
7220;40321;2017
7230;128334;2017
7240;40306;2017
7260;88329;2017
7270;289451;2017
7290;98245;2017
7300;55073;2017
7320;296414;2017
7340;125883;2017
7360;167955;2017
7370;216971;2017
7380;201880;2017
7400;340301;2017
7410;5945;2017
7430;16921;2017
7450;13127;2017
7460;138067;2017
7470;28804;2017
7510;43142;2017
7530;358762;2017
7590;3255;2017
7600;399522;2017
7610;3101110;2017
7660;78120;2017
7700;353763;2017
7800;50396;2017
8000;133099;2017
8090;110636;2017
8110;61965;2017
8130;157681;2017
8140;10034;2017
8150;410761;2017
8160;10218;2017
8170;27927;2017
8190;148384;2017
8200;886788;2017
8220;221426;2017
8230;15112;2017
8240;96186;2017
8250;232806;2017
8260;164377;2017
8270;246567;2017
8290;15560;2017
8300;612934;2017
8310;205715;2017
8330;4835;2017
8350;30589;2017
8370;350292;2017
8380;150043;2017
8390;1253;2017
8400;418874;2017
8430;83726;2017
8440;39471;2017
8450;46176;2017
8460;81637;2017
8500;17572;2017
8600;51465;2017
8800;60217;2017
9000;503435;2017
9100;354108;2017
9110;276855;2017
9120;251828;2017
9130;613405;2017
9140;676054;2017
9160;59924;2017
9190;18537;2017
9200;534348;2017
9220;298942;2017
9230;152198;2017
9240;154592;2017
9250;163042;2017
9290;93239;2017
9300;1801779;2017
9310;185311;2017
9320;111307;2017
9350;27425;2017
9400;738199;2017
9460;169462;2017
9500;102976;2017
9600;127021;2017
9800;119584;2017
